sequence_id,count_A,count_T,count_G,count_C,gc_percent,motif_ATG,motif_TATA,motif_GAATTC,reverse_complement_10,protein_length_frame1,protein_length_frame2,protein_length_frame3,protein_length_frame4,protein_length_frame5,protein_length_frame6
gi|2765658|emb|Z78533.1|CIZ78533,144,155,241,200,59.59,"[42, 157, 205, 224, 276, 286, 325, 343, 469, 507, 564, 594, 625, 672, 698]",[],[],GCGTAAACTC,246,246,246,246,246,246
gi|2765657|emb|Z78532.1|CCZ78532,184,204,204,161,48.47,"[59, 158, 217, 221, 256, 268, 284, 320, 337, 462, 500, 506, 557, 567, 586, 622, 670, 711]","[56, 202, 493]",[],GCCTCAACTC,251,250,250,251,250,250
gi|2765656|emb|Z78531.1|CFZ78531,154,167,235,192,57.09,"[158, 204, 218, 222, 275, 283, 323, 340, 465, 478, 560, 589, 713]",[],[],TTACTCACGG,249,249,248,249,249,248
gi|2765655|emb|Z78530.1|CMZ78530,179,211,200,154,47.58,"[125, 158, 218, 222, 265, 277, 287, 325, 342, 447, 467, 505, 552, 562, 591, 627, 635, 715]","[201, 203, 481, 649]",[],ATGGGGTGGC,248,247,247,248,247,247
gi|2765654|emb|Z78529.1|CLZ78529,174,208,204,147,47.89,"[107, 140, 200, 204, 250, 256, 267, 304, 322, 427, 447, 485, 532, 542, 571, 607, 695]","[38, 183, 185, 461, 629]",[],TTTTAGCTCA,244,244,243,244,244,243
gi|2765652|emb|Z78527.1|CYZ78527,167,187,205,159,50.7,"[59, 77, 134, 180, 197, 242, 250, 261, 299, 317, 442, 480, 529, 537, 566, 602, 635, 649, 661, 690]","[56, 624]",[],GGGTGGCCCG,239,239,238,239,239,238
gi|2765651|emb|Z78526.1|CGZ78526,170,192,205,163,50.41,"[59, 134, 180, 198, 243, 251, 262, 299, 316, 441, 479, 528, 536, 565, 601, 634, 648, 652, 659, 688, 726]","[56, 623]",[],ACATAAACTC,243,243,242,243,243,242
gi|2765650|emb|Z78525.1|CAZ78525,159,190,194,161,50.43,"[118, 164, 182, 228, 246, 285, 302, 428, 463, 509, 517, 582, 640, 651, 670]","[16, 236, 439, 604, 606]",[],TGCAGCGGGT,234,234,234,234,234,234
gi|2765649|emb|Z78524.1|CFZ78524,178,208,205,148,47.7,"[59, 73, 82, 151, 210, 214, 248, 260, 266, 278, 314, 331, 456, 494, 578, 614, 661, 672, 702]","[56, 196, 470, 636]",[605],GCTTAATCTC,246,246,246,246,246,246
gi|2765648|emb|Z78523.1|CHZ78523,156,196,197,160,50.35,"[59, 191, 205, 223, 267, 271, 278, 304, 364, 422, 460, 517, 546, 629]","[56, 436, 557]",[],CTTAAACTCA,236,236,235,236,236,235
gi|2765647|emb|Z78522.1|CMZ78522,160,191,195,154,49.86,"[59, 191, 205, 219, 223, 271, 277, 288, 362, 420, 458, 515, 544, 613, 627, 667]","[56, 425, 434, 555]",[],CTCAGCGGGT,233,233,232,233,233,232
gi|2765646|emb|Z78521.1|CCZ78521,174,196,202,154,49.04,"[44, 176, 190, 204, 208, 251, 255, 261, 272, 309, 326, 393, 451, 459, 489, 499, 546, 575, 644, 658, 698]","[41, 465, 586]",[],GGTGGCCCCG,242,241,241,242,241,241
gi|2765645|emb|Z78520.1|CSZ78520,172,208,212,161,49.54,"[59, 191, 205, 219, 223, 267, 271, 288, 326, 389, 411, 469, 507, 564, 593, 616, 676, 716]","[56, 604]",[],AAACTCAGCG,251,250,250,251,250,250
gi|2765644|emb|Z78519.1|CPZ78519,159,197,189,154,49.07,"[2, 134, 148, 162, 166, 209, 213, 219, 231, 268, 285, 352, 410, 448, 498, 506, 535, 606, 620, 660]","[424, 546, 548]",[],TAAACTCAGC,233,232,232,233,232,232
gi|2765643|emb|Z78518.1|CRZ78518,147,172,182,157,51.52,"[159, 205, 249, 369, 409, 464, 493, 529, 576]",[],[],GGAAAACTCA,219,219,218,219,219,218
gi|2765642|emb|Z78517.1|CFZ78517,182,196,203,171,49.73,"[156, 202, 216, 220, 245, 266, 283, 320, 337, 462, 502, 586, 622, 669]",[56],[],GCTTAAACTC,250,250,250,250,250,250
gi|2765641|emb|Z78516.1|CPZ78516,174,195,193,164,49.17,"[59, 156, 202, 220, 245, 283, 313, 438, 478, 533, 562, 598, 645, 688]","[51, 56]",[],TTAAACTCAG,242,241,241,242,241,241
gi|2765640|emb|Z78515.1|MXZ78515,159,195,223,188,53.73,"[327, 344, 468, 502, 533, 558, 584, 591, 617, 624, 639, 700]",[],[],GCTTAAACTC,255,254,254,255,254,254
gi|2765639|emb|Z78514.1|PSZ78514,158,174,222,201,56.03,"[126, 162, 207, 240, 244, 331, 348, 470, 509, 540, 624, 631, 646, 656, 699, 722]",[56],[],TAGCGGGTAG,251,251,251,251,251,251
gi|2765638|emb|Z78513.1|PBZ78513,160,167,220,195,55.93,"[126, 162, 207, 239, 259, 323, 340, 462, 501, 532, 616, 623, 638, 691, 712]",[],[],CTCAGCGGTA,247,247,246,247,247,246
gi|2765637|emb|Z78512.1|PWZ78512,159,175,229,199,56.17,"[162, 169, 208, 213, 241, 279, 331, 348, 512, 543, 626, 648]",[],[153],GCTTAAACTC,254,253,253,254,253,253
gi|2765636|emb|Z78511.1|PEZ78511,152,174,226,193,56.24,"[162, 207, 212, 240, 278, 332, 350, 513, 544, 627, 649, 721]",[],[153],TCCTCACCTG,248,248,247,248,248,247
gi|2765635|emb|Z78510.1|PCZ78510,151,171,218,210,57.07,"[166, 204, 237, 325, 343, 504, 535, 618, 640, 689, 712]",[],[150],TAAACTCAGC,250,249,249,250,249,249
gi|2765634|emb|Z78509.1|PPZ78509,151,174,224,182,55.54,"[162, 207, 240, 260, 277, 323, 485, 516, 599, 621, 671]",[56],[],TCCTAAAATT,243,243,243,243,243,243
gi|2765633|emb|Z78508.1|PLZ78508,151,169,229,192,56.82,"[162, 207, 240, 261, 278, 327, 344, 505, 536, 619, 641, 690, 712]",[56],[],TCAGCGGTGG,247,246,246,247,246,246
gi|2765632|emb|Z78507.1|PLZ78507,153,170,224,193,56.35,"[162, 207, 212, 240, 277, 325, 342, 505, 536, 619, 641, 711]",[],[],TCAGCGGTGG,246,246,246,246,246,246
gi|2765631|emb|Z78506.1|PLZ78506,153,167,219,188,55.98,"[126, 162, 207, 240, 261, 323, 486, 517, 600, 622, 671, 694]","[56, 465]",[],TCAGCGGGTG,242,242,241,242,242,241
gi|2765630|emb|Z78505.1|PSZ78505,149,166,214,182,55.7,"[126, 162, 207, 240, 278, 304, 465, 496, 579, 601, 650, 673]",[56],[],AAAACTCAGC,237,236,236,237,236,236
gi|2765629|emb|Z78504.1|PKZ78504,162,171,216,194,55.18,"[125, 161, 206, 240, 261, 279, 326, 343, 503, 534, 617, 639, 688, 709]",[56],[],TTACTCAGCG,247,247,247,247,247,247
gi|2765628|emb|Z78503.1|PCZ78503,149,169,218,191,56.26,"[162, 177, 207, 240, 261, 278, 512, 595, 617, 666, 689]",[56],[],TTATCTCAGC,242,242,241,242,242,241
gi|2765627|emb|Z78502.1|PBZ78502,156,174,228,199,56.41,"[162, 177, 207, 240, 278, 327, 346, 538, 621, 643, 692, 715]","[56, 286]",[],GCGTAAACTC,252,252,251,252,252,251
gi|2765626|emb|Z78501.1|PCZ78501,155,180,243,192,56.49,"[163, 208, 213, 241, 279, 337, 520, 551, 634, 656, 728]",[56],[],TCTTAAACTC,256,256,256,256,256,256
gi|2765625|emb|Z78500.1|PWZ78500,149,179,243,196,57.24,"[163, 208, 213, 241, 279, 337, 518, 549, 632, 654, 726]",[],[],CTTAAACTCA,255,255,255,255,255,255
gi|2765624|emb|Z78499.1|PMZ78499,170,198,206,185,51.52,"[136, 210, 221, 267, 340, 357, 479, 491, 515, 574, 607, 632, 654, 709, 720, 732]",[],[247],GGTTGCTCAC,253,252,252,253,252,252
gi|2765623|emb|Z78498.1|PMZ78498,172,193,198,187,51.33,"[101, 136, 206, 217, 323, 340, 464, 476, 500, 559, 612, 634, 700]",[],[],GCTTAAACTC,250,249,249,250,249,249
gi|2765622|emb|Z78497.1|PDZ78497,179,195,217,197,52.54,"[101, 136, 206, 217, 262, 351, 369, 588, 646, 668, 723, 734]",[],[241],GCTTAAACTC,262,262,262,262,262,262
gi|2765621|emb|Z78496.1|PAZ78496,171,202,217,184,51.81,"[136, 210, 265, 335, 353, 478, 490, 514, 573, 606, 631, 653, 708, 719]",[],[245],GCTTAAACTC,258,257,257,258,257,257
gi|2765620|emb|Z78495.1|PEZ78495,172,198,222,197,53.11,"[101, 136, 208, 265, 355, 446, 498, 510, 534, 593, 654, 676, 731, 742]",[],[],CACTCAGCGG,263,262,262,263,262,262
gi|2765619|emb|Z78494.1|PNZ78494,162,182,181,163,50.0,"[101, 193, 207, 221, 406, 442, 490, 501, 534, 559, 623, 635]",[171],[],CTTAAACTCA,229,229,228,229,229,228
gi|2765618|emb|Z78493.1|PGZ78493,164,187,194,174,51.18,"[101, 299, 307, 334, 449, 485, 533, 544, 577, 602, 666, 678]",[171],[],GGGTTGCCTC,239,239,239,239,239,239
gi|2765617|emb|Z78492.1|PBZ78492,167,200,199,177,50.61,"[208, 308, 325, 448, 484, 543, 576, 601, 623, 678]",[172],[],TATTAAACTC,247,247,247,247,247,247
gi|2765616|emb|Z78491.1|PCZ78491,172,194,196,175,50.34,"[207, 307, 323, 332, 447, 483, 531, 542, 575, 588, 599, 621, 675, 687]","[171, 260]",[],GCTTATCTCA,245,245,245,245,245,245
gi|2765615|emb|Z78490.1|PFZ78490,165,189,197,177,51.37,"[101, 207, 235, 305, 322, 331, 446, 482, 530, 541, 596, 618, 673]",[],[],TCAGCTGGTT,242,242,242,242,242,242
gi|2765614|emb|Z78489.1|PDZ78489,173,188,202,177,51.22,"[207, 235, 305, 322, 331, 446, 482, 530, 541, 574, 599, 621, 657, 675, 686]",[],[],GCCTAAACTC,246,246,246,246,246,246
gi|2765613|emb|Z78488.1|PTZ78488,164,174,184,174,51.44,"[88, 222, 273, 290, 299, 414, 450, 498, 509, 589, 644, 655]",[],[],AGCCGGTTGC,232,231,231,232,231,231
gi|2765612|emb|Z78487.1|PHZ78487,173,185,194,180,51.09,"[101, 207, 235, 305, 322, 331, 446, 482, 530, 541, 551, 574, 599, 621, 676]",[],[],TTACTCAGCG,244,243,243,244,243,243
gi|2765611|emb|Z78486.1|PBZ78486,171,187,195,178,51.03,"[101, 207, 235, 303, 320, 329, 444, 480, 539, 572, 597, 619, 674, 685]",[],[],TCAGCGGGTT,243,243,243,243,243,243
gi|2765610|emb|Z78485.1|PHZ78485,173,189,195,178,50.75,"[31, 100, 206, 234, 304, 321, 330, 445, 481, 540, 573, 598, 675, 686, 692]",[],[],TACTAAATCA,245,244,244,245,244,244
gi|2765609|emb|Z78484.1|PCZ78484,171,183,192,174,50.83,"[101, 149, 209, 235, 286, 303, 312, 427, 463, 522, 555, 580, 602, 657, 668]",[],[],AAAACTCAGG,240,239,239,240,239,239
gi|2765608|emb|Z78483.1|PVZ78483,180,191,190,179,49.86,"[101, 207, 235, 302, 306, 330, 445, 482, 530, 574, 599, 621, 676, 687]",[],[],TGCTAAACTC,246,246,246,246,246,246
gi|2765607|emb|Z78482.1|PEZ78482,143,156,167,161,52.15,"[95, 123, 192, 209, 218, 334, 370, 429, 462, 487, 509, 564, 575]",[],[],TGCTAAACTC,209,209,209,209,209,209
gi|2765606|emb|Z78481.1|PIZ78481,132,153,150,137,50.17,"[101, 207, 235, 330, 366, 458, 483, 505, 560]",[],[],TCAACTGATC,190,190,190,190,190,190
gi|2765605|emb|Z78480.1|PGZ78480,138,155,153,141,50.09,"[101, 207, 235, 345, 381, 474, 488, 499, 520, 575]",[515],[],TCAACTGATC,195,195,195,195,195,195
gi|2765604|emb|Z78479.1|PPZ78479,171,173,188,168,50.86,"[101, 184, 209, 281, 298, 307, 421, 447, 495, 506, 539, 564, 586, 664]",[181],[],ACTCAGAGGG,233,233,232,233,233,232
gi|2765603|emb|Z78478.1|PVZ78478,147,164,178,147,51.1,"[101, 185, 210, 218, 240, 281, 350, 385, 432, 441, 474, 499, 519, 612]",[],[],GCCTAAACTC,212,211,211,212,211,211
gi|2765602|emb|Z78477.1|PVZ78477,168,179,196,173,51.54,"[52, 101, 184, 209, 279, 297, 306, 422, 458, 506, 517, 550, 575, 597, 652, 712]",[],[],GCATAAACTC,238,238,238,238,238,238
gi|2765601|emb|Z78476.1|PGZ78476,136,157,152,147,50.51,"[52, 101, 184, 208, 330, 366, 414, 458, 483, 505, 560]",[],[],GGGTCGCAAC,197,197,196,197,197,196
gi|2765600|emb|Z78475.1|PSZ78475,140,170,160,150,43.3,"[101, 206, 232, 445, 475, 481, 529, 540, 573, 598, 620, 675]",[],[],ACCTGACCTG,238,238,238,238,238,238
gi|2765599|emb|Z78474.1|PKZ78474,170,191,188,184,50.75,"[101, 207, 302, 318, 327, 442, 478, 526, 537, 570, 595, 617, 672]",[255],[],AAGCTCAACG,244,244,243,244,244,243
gi|2765598|emb|Z78473.1|PSZ78473,139,168,164,155,50.96,"[101, 147, 207, 233, 360, 396, 444, 455, 489, 514, 536, 591]",[],[],CCTGGGTCGC,208,208,208,208,208,208
gi|2765597|emb|Z78472.1|PLZ78472,178,195,193,171,49.39,"[101, 233, 303, 320, 329, 444, 480, 528, 539, 572, 597, 619, 673, 684]",[455],[],GCTTAAACTC,245,245,245,245,245,245
gi|2765596|emb|Z78471.1|PDZ78471,178,192,190,180,50.0,"[101, 218, 233, 305, 322, 331, 446, 482, 530, 574, 599, 621, 686]",[],[],GCTTAAACTC,246,246,246,246,246,246
gi|2765595|emb|Z78470.1|PPZ78470,134,160,144,136,48.78,"[101, 207, 233, 335, 371, 419, 463, 488, 510]",[],[],AACTGATCAG,191,191,190,191,191,190
gi|2765594|emb|Z78469.1|PHZ78469,141,161,149,143,49.16,"[101, 234, 353, 389, 437, 448, 482, 495, 507, 529, 584]",[],[],AACTGATCAT,198,197,197,198,197,197
gi|2765593|emb|Z78468.1|PAZ78468,137,168,160,145,50.0,"[101, 162, 207, 232, 357, 393, 451, 484, 509, 530, 585]",[525],[],AACCAAATGG,203,203,202,203,203,202
gi|2765592|emb|Z78467.1|PSZ78467,170,189,193,178,50.82,"[101, 207, 233, 303, 320, 329, 444, 480, 528, 572, 597, 674, 693]",[],[],TCAGCGGGTT,243,243,242,243,243,242
gi|2765591|emb|Z78466.1|PPZ78466,144,171,168,158,50.86,"[101, 147, 207, 233, 360, 396, 444, 455, 488, 513, 535, 590]",[],[],GGGTTGCCTC,213,213,213,213,213,213
gi|2765590|emb|Z78465.1|PRZ78465,165,190,184,163,49.43,"[101, 207, 233, 304, 321, 445, 481, 529, 540, 573, 598, 620, 675]",[],[],GCAACCAAAT,234,233,233,234,233,233
gi|2765589|emb|Z78464.1|PGZ78464,170,194,188,181,50.34,"[97, 202, 228, 299, 325, 440, 476, 524, 615, 670]",[],[],GCTTAAACTC,244,244,243,244,244,243
gi|2765588|emb|Z78463.1|PGZ78463,167,193,200,178,51.22,"[100, 205, 231, 302, 320, 329, 444, 480, 528, 539, 572, 619, 674]",[],[],GCTTAAACTC,246,245,245,246,245,245
gi|2765587|emb|Z78462.1|PSZ78462,100,133,127,111,32.34,"[17, 101, 548, 596, 607, 640, 687]",[],[],ATGGGCCTCC,245,245,244,245,245,244
gi|2765586|emb|Z78461.1|PWZ78461,174,189,179,190,50.41,"[101, 209, 308, 334, 485, 533, 544, 577, 624, 677, 688]",[618],[341],TTAACTCAGC,244,243,243,244,243,243
gi|2765585|emb|Z78460.1|PCZ78460,172,195,199,179,50.74,"[101, 209, 310, 328, 337, 488, 536, 547, 580, 627, 682, 693]",[],[],TAAACTCAGC,248,248,247,248,248,247
gi|2765584|emb|Z78459.1|PDZ78459,171,198,198,177,50.4,"[101, 209, 309, 489, 537, 548, 581, 628, 683, 694]",[],[],AAACTCAGCG,248,247,247,248,247,247
gi|2765583|emb|Z78458.1|PHZ78458,167,194,199,178,51.08,"[101, 307, 324, 333, 483, 531, 542, 575, 622, 677, 688]",[],[],CAACTCAGCG,246,245,245,246,245,245
gi|2765582|emb|Z78457.1|PCZ78457,170,196,191,182,50.47,"[101, 209, 309, 327, 336, 487, 535, 546, 579, 626, 681, 692]",[],[],CTCAGCGGGT,246,246,245,246,246,245
gi|2765581|emb|Z78456.1|PTZ78456,171,195,199,175,50.54,"[101, 210, 309, 326, 335, 484, 532, 543, 576, 623, 678, 689]",[],[],GCTAAACTCA,246,246,246,246,246,246
gi|2765580|emb|Z78455.1|PJZ78455,180,198,183,184,49.26,"[101, 220, 325, 334, 485, 533, 544, 577, 624, 679, 690]",[],[],TGCTAAACTC,248,248,247,248,248,247
gi|2765579|emb|Z78454.1|PFZ78454,161,181,181,171,50.65,"[101, 291, 300, 451, 499, 510, 543, 590, 645, 656, 668]",[],[],GTTGCCTCAC,231,231,231,231,231,231
gi|2765578|emb|Z78453.1|PSZ78453,174,195,194,182,50.47,"[101, 309, 326, 335, 486, 534, 545, 578, 625, 680, 691]",[],[],TGCTAAACTC,248,248,247,248,248,247
gi|2765577|emb|Z78452.1|PBZ78452,178,198,193,174,49.39,"[101, 209, 308, 325, 334, 485, 533, 544, 570, 577, 624, 679, 690, 702]",[],[],TGCTAAACTC,247,247,247,247,247,247
gi|2765576|emb|Z78451.1|PHZ78451,176,183,183,188,50.82,"[101, 135, 208, 305, 329, 480, 528, 539, 620, 675, 686, 697]",[645],[],GCTCAGCTGG,243,243,242,243,243,242
gi|2765575|emb|Z78450.1|PPZ78450,168,181,179,178,50.57,"[72, 180, 279, 296, 305, 456, 504, 512, 515, 549, 596, 651, 662, 668]",[],[],CTCAGGGGTT,235,235,234,235,235,234
gi|2765574|emb|Z78449.1|PMZ78449,173,199,192,180,50.0,"[101, 307, 325, 334, 485, 533, 544, 577, 624, 679, 690, 740]",[],[],GCATAAACTC,248,247,247,248,247,247
gi|2765573|emb|Z78448.1|PAZ78448,172,194,197,177,50.4,"[101, 209, 311, 329, 338, 489, 537, 548, 581, 628, 683, 694]",[],[],CCTCAGCGGG,247,247,246,247,247,246
gi|2765572|emb|Z78447.1|PVZ78447,162,175,189,168,51.44,"[100, 208, 259, 276, 285, 436, 484, 495, 528, 575, 630, 641]",[],[],GCTTAAACTC,231,231,230,231,231,230
gi|2765571|emb|Z78446.1|PAZ78446,168,187,187,170,50.14,"[101, 209, 294, 319, 467, 515, 526, 559, 606, 661, 672]",[],[],GGGTTGCCTC,237,237,236,237,237,236
gi|2765570|emb|Z78445.1|PUZ78445,161,191,189,174,50.77,"[101, 306, 315, 466, 514, 525, 558, 605, 660, 671]",[],[],ACAGCTGTTG,238,238,237,238,238,237
gi|2765569|emb|Z78444.1|PAZ78444,168,185,170,165,48.69,"[101, 299, 316, 325, 476, 520, 524, 535, 568, 615, 669, 679]",[609],[],AATGGCCATC,229,229,228,229,229,228
gi|2765568|emb|Z78443.1|PLZ78443,139,160,168,143,39.67,"[101, 386, 394, 546, 594, 605, 638, 685, 740, 751]",[],[],CCTCACCTGA,261,261,260,261,261,260
gi|2765567|emb|Z78442.1|PBZ78442,171,184,187,179,50.76,"[86, 194, 293, 310, 319, 471, 519, 530, 563, 610, 665, 676]",[],[],ACTCAGCGGG,240,240,239,240,240,239
gi|2765566|emb|Z78441.1|PSZ78441,164,181,183,175,50.92,"[70, 178, 277, 294, 303, 454, 502, 513, 546, 593, 648, 659, 665]",[],[],CTCAGCGCGT,234,234,233,234,234,233
gi|2765565|emb|Z78440.1|PPZ78440,179,194,186,185,49.87,"[101, 220, 326, 335, 486, 534, 545, 578, 625, 680, 691]",[],[],TGCTAAACTC,248,247,247,248,247,247
gi|2765564|emb|Z78439.1|PBZ78439,135,161,160,136,50.0,"[64, 172, 272, 289, 297, 411, 447, 495, 506, 539, 564]",[],[],GGCCCAACTA,197,197,196,197,197,196
